Método,Precio Medio,Std/SE,IC 2.5%,IC 97.5%
Parámetros Verdaderos,7.736052458974793,0.10477887905282385,-,-
Estimación MLE,7.1631479472541315,0.10064389705942509,-,-
Inferencia Bayesiana,14.105881004113675,9.757777310929896,2.3869097046811696,35.11232374834899
